timestamp_utc,dataset,algorithm,k,case_label,partition_file,node_index_file,mapping_total,mapping_matched,mapping_coverage,assigned_nodes,total_edges_db,assigned_edges,cross_partition_edges,cross_partition_edge_ratio,k_detected,min_block,max_block,partition_balance,query_files,query_exec_time_sec,query_avg_ms,query_p50_ms,query_p95_ms,query_std_ms,dataset_load_time_sec,dataset_loaded_nodes,dataset_loaded_rels
2026-04-17T14:36:16.804620+00:00,cordis_horizon_inputs,kahip_fast,2,kahip_fast_cordis_horizon_inputs_k2,/mnt/c/users/victo/ptuxiaki/project/spark/results/docker_cordis_all_k2468/algorithm_outputs/kahip_fast_cordis_horizon_inputs_k2/kahip_fast_partition_k2.txt,/mnt/c/users/victo/ptuxiaki/project/spark/results/docker_cordis_all_k2468/algorithm_outputs/kahip_fast_cordis_horizon_inputs_k2/node_index.tsv,123965,123965,1.0,123965,104236,104236,42714,0.409782,2,61982,61983,1.000008,8,1.554556,189.378223,180.655136,180.655136,75.246745,17.017436,123965,104236
2026-04-17T14:36:27.000920+00:00,cordis_horizon_inputs,metis,2,metis_cordis_horizon_inputs_k2,/mnt/c/users/victo/ptuxiaki/project/spark/results/docker_cordis_all_k2468/algorithm_outputs/metis_cordis_horizon_inputs_k2/metis_partition_k2.txt,/mnt/c/users/victo/ptuxiaki/project/spark/results/docker_cordis_all_k2468/algorithm_outputs/metis_cordis_horizon_inputs_k2/node_index.tsv,123965,123965,1.0,123965,104236,104236,37673,0.36142,2,61981,61984,1.000024,8,0.356313,40.299763,36.318009,36.318009,18.458018,17.017436,123965,104236
2026-04-17T14:36:33.410805+00:00,cordis_horizon_inputs,parmetis,2,parmetis_cordis_horizon_inputs_k2,/mnt/c/users/victo/ptuxiaki/project/spark/results/docker_cordis_all_k2468/algorithm_outputs/parmetis_cordis_horizon_inputs_k2/parmetis_partition_k2.txt,/mnt/c/users/victo/ptuxiaki/project/spark/results/docker_cordis_all_k2468/algorithm_outputs/parmetis_cordis_horizon_inputs_k2/node_index.tsv,123965,123965,1.0,123965,104236,104236,42051,0.403421,2,61982,61983,1.000008,8,0.338072,38.162791,36.102625,36.102625,19.567617,17.017436,123965,104236
2026-04-17T14:36:39.874958+00:00,cordis_horizon_inputs,ptscotch,2,ptscotch_cordis_horizon_inputs_k2,/mnt/c/users/victo/ptuxiaki/project/spark/results/docker_cordis_all_k2468/algorithm_outputs/ptscotch_cordis_horizon_inputs_k2/scotch_partition_k2.txt,/mnt/c/users/victo/ptuxiaki/project/spark/results/docker_cordis_all_k2468/algorithm_outputs/ptscotch_cordis_horizon_inputs_k2/node_index.tsv,123965,123965,1.0,123965,104236,104236,45445,0.435982,2,61982,61983,1.000008,8,0.342558,38.662727,37.340688,37.340688,18.791629,17.017436,123965,104236
2026-04-17T14:36:46.313958+00:00,cordis_horizon_inputs,rcp,2,rcp_cordis_horizon_inputs_k2,/mnt/c/users/victo/ptuxiaki/project/spark/results/docker_cordis_materialized_rcp/algorithm_outputs/rcp_cordis_horizon_inputs_k2/rcp_partition_k2_comparable.txt,/mnt/c/users/victo/ptuxiaki/project/spark/results/docker_cordis_materialized_rcp/algorithm_outputs/rcp_cordis_horizon_inputs_k2/node_index.tsv,123965,123965,1.0,123965,104236,104236,46861,0.449566,2,57877,66088,1.066236,8,0.370579,41.642707,36.53737,36.53737,21.043379,17.017436,123965,104236
2026-04-17T14:36:52.756387+00:00,cordis_horizon_inputs,scotch,2,scotch_cordis_horizon_inputs_k2,/mnt/c/users/victo/ptuxiaki/project/spark/results/docker_cordis_all_k2468/algorithm_outputs/scotch_cordis_horizon_inputs_k2/scotch_partition_k2.txt,/mnt/c/users/victo/ptuxiaki/project/spark/results/docker_cordis_all_k2468/algorithm_outputs/scotch_cordis_horizon_inputs_k2/node_index.tsv,123965,123965,1.0,123965,104236,104236,45058,0.432269,2,61982,61983,1.000008,8,0.329999,37.263209,36.64152,36.64152,19.062066,17.017436,123965,104236
2026-04-17T14:37:02.787070+00:00,cordis_horizon_inputs,kahip_fast,4,kahip_fast_cordis_horizon_inputs_k4,/mnt/c/users/victo/ptuxiaki/project/spark/results/docker_cordis_all_k4_no_rcp/algorithm_outputs/kahip_fast_cordis_horizon_inputs_k4/kahip_fast_partition_k4.txt,/mnt/c/users/victo/ptuxiaki/project/spark/results/docker_cordis_all_k4_no_rcp/algorithm_outputs/kahip_fast_cordis_horizon_inputs_k4/node_index.tsv,123965,123965,1.0,123965,104236,104236,63847,0.612524,4,30990,30993,1.000056,8,0.33171,37.481905,36.252579,36.252579,18.691393,17.017436,123965,104236
2026-04-17T14:37:09.223223+00:00,cordis_horizon_inputs,metis,4,metis_cordis_horizon_inputs_k4,/mnt/c/users/victo/ptuxiaki/project/spark/results/docker_cordis_all_k4_no_rcp/algorithm_outputs/metis_cordis_horizon_inputs_k4/metis_partition_k4.txt,/mnt/c/users/victo/ptuxiaki/project/spark/results/docker_cordis_all_k4_no_rcp/algorithm_outputs/metis_cordis_horizon_inputs_k4/node_index.tsv,123965,123965,1.0,123965,104236,104236,56414,0.541214,4,30982,30999,1.00025,8,0.333852,37.832586,36.462963,36.462963,20.338297,17.017436,123965,104236
2026-04-17T14:37:15.698624+00:00,cordis_horizon_inputs,parmetis,4,parmetis_cordis_horizon_inputs_k4,/mnt/c/users/victo/ptuxiaki/project/spark/results/docker_cordis_all_k4_no_rcp/algorithm_outputs/parmetis_cordis_horizon_inputs_k4/parmetis_partition_k4.txt,/mnt/c/users/victo/ptuxiaki/project/spark/results/docker_cordis_all_k4_no_rcp/algorithm_outputs/parmetis_cordis_horizon_inputs_k4/node_index.tsv,123965,123965,1.0,123965,104236,104236,62828,0.602748,4,30983,30997,1.000186,8,0.349935,38.372217,36.384755,36.384755,18.553025,17.017436,123965,104236
2026-04-17T14:37:22.013083+00:00,cordis_horizon_inputs,ptscotch,4,ptscotch_cordis_horizon_inputs_k4,/mnt/c/users/victo/ptuxiaki/project/spark/results/docker_cordis_all_k4_no_rcp/algorithm_outputs/ptscotch_cordis_horizon_inputs_k4/scotch_partition_k4.txt,/mnt/c/users/victo/ptuxiaki/project/spark/results/docker_cordis_all_k4_no_rcp/algorithm_outputs/ptscotch_cordis_horizon_inputs_k4/node_index.tsv,123965,123965,1.0,123965,104236,104236,68601,0.658132,4,30990,30992,1.000024,8,0.329654,37.174744,36.685454,36.685454,18.92308,17.017436,123965,104236
2026-04-17T14:37:28.551180+00:00,cordis_horizon_inputs,rcp,4,rcp_cordis_horizon_inputs_k4,/mnt/c/users/victo/ptuxiaki/project/spark/results/docker_cordis_materialized_rcp/algorithm_outputs/rcp_cordis_horizon_inputs_k4/rcp_partition_k4_comparable.txt,/mnt/c/users/victo/ptuxiaki/project/spark/results/docker_cordis_materialized_rcp/algorithm_outputs/rcp_cordis_horizon_inputs_k4/node_index.tsv,123965,123965,1.0,123965,104236,104236,68247,0.654735,4,28943,37062,1.195886,8,0.441767,51.011946,52.88435,52.88435,19.018546,17.017436,123965,104236
2026-04-17T14:37:38.489760+00:00,cordis_horizon_inputs,scotch,4,scotch_cordis_horizon_inputs_k4,/mnt/c/users/victo/ptuxiaki/project/spark/results/docker_cordis_all_k4_no_rcp/algorithm_outputs/scotch_cordis_horizon_inputs_k4/scotch_partition_k4.txt,/mnt/c/users/victo/ptuxiaki/project/spark/results/docker_cordis_all_k4_no_rcp/algorithm_outputs/scotch_cordis_horizon_inputs_k4/node_index.tsv,123965,123965,1.0,123965,104236,104236,67459,0.647176,4,30991,30992,1.000024,8,0.323317,36.323856,35.490802,35.490802,19.686118,17.017436,123965,104236
2026-04-17T14:37:44.835836+00:00,cordis_horizon_inputs,kahip_fast,6,kahip_fast_cordis_horizon_inputs_k6,/mnt/c/users/victo/ptuxiaki/project/spark/results/docker_cordis_all_k2468/algorithm_outputs/kahip_fast_cordis_horizon_inputs_k6/kahip_fast_partition_k6.txt,/mnt/c/users/victo/ptuxiaki/project/spark/results/docker_cordis_all_k2468/algorithm_outputs/kahip_fast_cordis_horizon_inputs_k6/node_index.tsv,123965,123965,1.0,123965,104236,104236,74699,0.716633,6,19653,25689,1.243367,8,0.325965,36.877221,36.339725,36.339725,19.774663,17.017436,123965,104236
2026-04-17T14:37:51.172327+00:00,cordis_horizon_inputs,metis,6,metis_cordis_horizon_inputs_k6,/mnt/c/users/victo/ptuxiaki/project/spark/results/docker_cordis_all_k2468/algorithm_outputs/metis_cordis_horizon_inputs_k6/metis_partition_k6.txt,/mnt/c/users/victo/ptuxiaki/project/spark/results/docker_cordis_all_k2468/algorithm_outputs/metis_cordis_horizon_inputs_k6/node_index.tsv,123965,123965,1.0,123965,104236,104236,62713,0.601644,6,20646,20669,1.000395,8,0.323724,36.389239,36.733825,36.733825,19.43912,17.017436,123965,104236
2026-04-17T14:37:57.784932+00:00,cordis_horizon_inputs,parmetis,6,parmetis_cordis_horizon_inputs_k6,/mnt/c/users/victo/ptuxiaki/project/spark/results/docker_cordis_all_k2468/algorithm_outputs/parmetis_cordis_horizon_inputs_k6/parmetis_partition_k6.txt,/mnt/c/users/victo/ptuxiaki/project/spark/results/docker_cordis_all_k2468/algorithm_outputs/parmetis_cordis_horizon_inputs_k6/node_index.tsv,123965,123965,1.0,123965,104236,104236,69349,0.665308,6,20654,20671,1.000492,8,0.334206,37.690717,36.008266,36.008266,17.851268,17.017436,123965,104236
2026-04-17T14:38:04.164693+00:00,cordis_horizon_inputs,ptscotch,6,ptscotch_cordis_horizon_inputs_k6,/mnt/c/users/victo/ptuxiaki/project/spark/results/docker_cordis_all_k2468/algorithm_outputs/ptscotch_cordis_horizon_inputs_k6/scotch_partition_k6.txt,/mnt/c/users/victo/ptuxiaki/project/spark/results/docker_cordis_all_k2468/algorithm_outputs/ptscotch_cordis_horizon_inputs_k6/node_index.tsv,123965,123965,1.0,123965,104236,104236,76785,0.736646,6,20659,20662,1.000056,8,0.33843,37.647933,35.300197,35.300197,18.381192,17.017436,123965,104236
2026-04-17T14:38:14.093703+00:00,cordis_horizon_inputs,rcp,6,rcp_cordis_horizon_inputs_k6,/mnt/c/users/victo/ptuxiaki/project/spark/results/docker_cordis_materialized_rcp/algorithm_outputs/rcp_cordis_horizon_inputs_k6/rcp_partition_k6_comparable.txt,/mnt/c/users/victo/ptuxiaki/project/spark/results/docker_cordis_materialized_rcp/algorithm_outputs/rcp_cordis_horizon_inputs_k6/node_index.tsv,123965,123965,1.0,123965,104236,104236,78060,0.748878,6,19301,27417,1.327004,8,0.327441,36.783937,35.594327,35.594327,19.301902,17.017436,123965,104236
2026-04-17T14:38:20.473581+00:00,cordis_horizon_inputs,scotch,6,scotch_cordis_horizon_inputs_k6,/mnt/c/users/victo/ptuxiaki/project/spark/results/docker_cordis_all_k2468/algorithm_outputs/scotch_cordis_horizon_inputs_k6/scotch_partition_k6.txt,/mnt/c/users/victo/ptuxiaki/project/spark/results/docker_cordis_all_k2468/algorithm_outputs/scotch_cordis_horizon_inputs_k6/node_index.tsv,123965,123965,1.0,123965,104236,104236,75776,0.726966,6,20660,20662,1.000056,8,0.321737,36.067233,35.173979,35.173979,19.465455,17.017436,123965,104236
2026-04-17T14:38:26.848157+00:00,cordis_horizon_inputs,kahip_fast,8,kahip_fast_cordis_horizon_inputs_k8,/mnt/c/users/victo/ptuxiaki/project/spark/results/docker_cordis_all_k2468/algorithm_outputs/kahip_fast_cordis_horizon_inputs_k8/kahip_fast_partition_k8.txt,/mnt/c/users/victo/ptuxiaki/project/spark/results/docker_cordis_all_k2468/algorithm_outputs/kahip_fast_cordis_horizon_inputs_k8/node_index.tsv,123965,123965,1.0,123965,104236,104236,74368,0.713458,8,15495,15497,1.000089,8,0.344779,38.675633,35.258339,35.258339,24.947047,17.017436,123965,104236
2026-04-17T14:38:33.276119+00:00,cordis_horizon_inputs,metis,8,metis_cordis_horizon_inputs_k8,/mnt/c/users/victo/ptuxiaki/project/spark/results/docker_cordis_all_k2468/algorithm_outputs/metis_cordis_horizon_inputs_k8/metis_partition_k8.txt,/mnt/c/users/victo/ptuxiaki/project/spark/results/docker_cordis_all_k2468/algorithm_outputs/metis_cordis_horizon_inputs_k8/node_index.tsv,123965,123965,1.0,123965,104236,104236,65983,0.633015,8,15487,15505,1.000605,8,0.326025,36.284024,35.822241,35.822241,18.770194,17.017436,123965,104236
2026-04-17T14:38:39.700607+00:00,cordis_horizon_inputs,parmetis,8,parmetis_cordis_horizon_inputs_k8,/mnt/c/users/victo/ptuxiaki/project/spark/results/docker_cordis_all_k2468/algorithm_outputs/parmetis_cordis_horizon_inputs_k8/parmetis_partition_k8.txt,/mnt/c/users/victo/ptuxiaki/project/spark/results/docker_cordis_all_k2468/algorithm_outputs/parmetis_cordis_horizon_inputs_k8/node_index.tsv,123965,123965,1.0,123965,104236,104236,73490,0.705035,8,15482,15507,1.000734,8,0.324957,36.545853,35.651967,35.651967,20.064811,17.017436,123965,104236
2026-04-17T14:38:49.613029+00:00,cordis_horizon_inputs,ptscotch,8,ptscotch_cordis_horizon_inputs_k8,/mnt/c/users/victo/ptuxiaki/project/spark/results/docker_cordis_all_k2468/algorithm_outputs/ptscotch_cordis_horizon_inputs_k8/scotch_partition_k8.txt,/mnt/c/users/victo/ptuxiaki/project/spark/results/docker_cordis_all_k2468/algorithm_outputs/ptscotch_cordis_horizon_inputs_k8/node_index.tsv,123965,123965,1.0,123965,104236,104236,80347,0.770818,8,15495,15497,1.000089,8,0.336606,38.213771,40.186331,40.186331,20.32835,17.017436,123965,104236
2026-04-17T14:38:55.923507+00:00,cordis_horizon_inputs,rcp,8,rcp_cordis_horizon_inputs_k8,/mnt/c/users/victo/ptuxiaki/project/spark/results/docker_cordis_materialized_rcp/algorithm_outputs/rcp_cordis_horizon_inputs_k8/rcp_partition_k8_comparable.txt,/mnt/c/users/victo/ptuxiaki/project/spark/results/docker_cordis_materialized_rcp/algorithm_outputs/rcp_cordis_horizon_inputs_k8/node_index.tsv,123965,123965,1.0,123965,104236,104236,81974,0.786427,8,14464,22546,1.454991,8,0.313019,35.240362,34.99717,34.99717,19.295835,17.017436,123965,104236
2026-04-17T14:39:02.361353+00:00,cordis_horizon_inputs,scotch,8,scotch_cordis_horizon_inputs_k8,/mnt/c/users/victo/ptuxiaki/project/spark/results/docker_cordis_all_k2468/algorithm_outputs/scotch_cordis_horizon_inputs_k8/scotch_partition_k8.txt,/mnt/c/users/victo/ptuxiaki/project/spark/results/docker_cordis_all_k2468/algorithm_outputs/scotch_cordis_horizon_inputs_k8/node_index.tsv,123965,123965,1.0,123965,104236,104236,80362,0.770962,8,15493,15499,1.000218,8,0.319668,35.846386,34.910401,34.910401,19.253979,17.017436,123965,104236
2026-03-03T13:53:56.221400+00:00,fib25_neo4j_inputs,hash,2,hash_fib25_neo4j_inputs_k2,/mnt/c/Users/victo/ptuxiaki/project/spark/results/hash_fib25_neo4j_inputs_k2/hash_partition_k2.txt,/mnt/c/Users/victo/ptuxiaki/project/spark/results/hash_fib25_neo4j_inputs_k2/node_index.tsv,1151506,9504,0.008254,9504,2359,2189,1132,0.517131,2,4747,4757,1.001052,10,0.484179,35.464189,36.100631,36.100631,25.214132,48.835845,10000,2359
2026-03-03T13:54:38.638993+00:00,fib25_neo4j_inputs,kahip_fast,2,kahip_fast_fib25_neo4j_inputs_k2,/mnt/c/Users/victo/ptuxiaki/project/spark/results/kahip_fast_fib25_neo4j_inputs_k2/kahip_fast_partition_k2.txt,/mnt/c/Users/victo/ptuxiaki/project/spark/results/kahip_fast_fib25_neo4j_inputs_k2/node_index.tsv,1151506,10000,0.008684,10000,2359,2359,338,0.143281,2,1204,8796,1.7592,10,0.18325,5.278245,4.713593,4.713593,1.318008,48.835845,10000,2359
2026-03-03T13:55:19.460958+00:00,fib25_neo4j_inputs,metis,2,metis_fib25_neo4j_inputs_k2,/mnt/c/Users/victo/ptuxiaki/project/spark/results/metis_fib25_neo4j_inputs_k2/metis_partition_k2.txt,/mnt/c/Users/victo/ptuxiaki/project/spark/results/metis_fib25_neo4j_inputs_k2/node_index.tsv,1151506,10000,0.008684,10000,2359,2359,1030,0.436626,2,3316,6684,1.3368,10,0.202599,5.012471,4.486683,4.486683,1.212317,48.835845,10000,2359
2026-03-25T19:59:46.703789+00:00,fib25_neo4j_inputs,parmetis,2,parmetis_fib25_neo4j_inputs_k2,/mnt/c/users/victo/ptuxiaki/project/spark/results/docker_fib25_kahip_metis_rcp/algorithm_outputs/parmetis_fib25_neo4j_inputs_k2/parmetis_partition_k2.txt,/mnt/c/users/victo/ptuxiaki/project/spark/results/docker_fib25_kahip_metis_rcp/algorithm_outputs/parmetis_fib25_neo4j_inputs_k2/node_index.tsv,1151506,10000,0.008684,10000,10000,10000,4399,0.4399,2,2737,7263,1.4526,10,0.69492,65.594209,54.161451,54.161451,27.965832,121.158887,10000,10000
2026-03-03T13:55:59.944713+00:00,fib25_neo4j_inputs,ptscotch,2,ptscotch_fib25_neo4j_inputs_k2,/mnt/c/Users/victo/ptuxiaki/project/spark/results/ptscotch_fib25_neo4j_inputs_k2/scotch_partition_k2.txt,/mnt/c/Users/victo/ptuxiaki/project/spark/results/ptscotch_fib25_neo4j_inputs_k2/node_index.tsv,1151506,10000,0.008684,10000,2359,2359,908,0.384909,2,2768,7232,1.4464,10,0.194913,4.899735,4.669034,4.669034,1.143733,48.835845,10000,2359
2026-03-25T20:00:40.963065+00:00,fib25_neo4j_inputs,rcp,2,rcp_fib25_neo4j_inputs_k2,/mnt/c/users/victo/ptuxiaki/project/spark/results/docker_fib25_kahip_metis_rcp/algorithm_outputs/rcp_fib25_neo4j_inputs_k2/rcp_partition_k2_comparable.txt,/mnt/c/users/victo/ptuxiaki/project/spark/results/docker_fib25_kahip_metis_rcp/algorithm_outputs/rcp_fib25_neo4j_inputs_k2/node_index.tsv,1151506,10000,0.008684,10000,10000,10000,0,0.0,2,4,9996,1.9992,10,0.150012,11.012384,6.308091,6.308091,7.401228,121.158887,10000,10000
2026-03-03T13:56:40.409937+00:00,fib25_neo4j_inputs,scotch,2,scotch_fib25_neo4j_inputs_k2,/mnt/c/Users/victo/ptuxiaki/project/spark/results/scotch_fib25_neo4j_inputs_k2/scotch_partition_k2.txt,/mnt/c/Users/victo/ptuxiaki/project/spark/results/scotch_fib25_neo4j_inputs_k2/node_index.tsv,1151506,10000,0.008684,10000,2359,2359,1053,0.446376,2,3795,6205,1.241,10,0.181199,4.931649,4.579862,4.579862,1.093062,48.835845,10000,2359
2026-03-03T13:57:18.895600+00:00,fib25_neo4j_inputs,hash,4,hash_fib25_neo4j_inputs_k4,/mnt/c/Users/victo/ptuxiaki/project/spark/results/hash_fib25_neo4j_inputs_k4/hash_partition_k4.txt,/mnt/c/Users/victo/ptuxiaki/project/spark/results/hash_fib25_neo4j_inputs_k4/node_index.tsv,1151506,9504,0.008254,9504,2359,2189,1657,0.756967,4,2318,2429,1.022306,10,0.130977,5.262791,5.014283,5.014283,1.369948,48.835845,10000,2359
2026-03-03T13:58:01.019475+00:00,fib25_neo4j_inputs,kahip_fast,4,kahip_fast_fib25_neo4j_inputs_k4,/mnt/c/Users/victo/ptuxiaki/project/spark/results/kahip_fast_fib25_neo4j_inputs_k4/kahip_fast_partition_k4.txt,/mnt/c/Users/victo/ptuxiaki/project/spark/results/kahip_fast_fib25_neo4j_inputs_k4/node_index.tsv,1151506,10000,0.008684,10000,2359,2359,645,0.273421,4,211,7708,3.0832,10,0.206754,5.635646,4.925929,4.925929,2.062613,48.835845,10000,2359
2026-03-03T13:58:41.397401+00:00,fib25_neo4j_inputs,metis,4,metis_fib25_neo4j_inputs_k4,/mnt/c/Users/victo/ptuxiaki/project/spark/results/metis_fib25_neo4j_inputs_k4/metis_partition_k4.txt,/mnt/c/Users/victo/ptuxiaki/project/spark/results/metis_fib25_neo4j_inputs_k4/node_index.tsv,1151506,10000,0.008684,10000,2359,2359,1473,0.624417,4,659,4572,1.8288,10,0.185717,4.895825,4.407788,4.407788,1.257501,48.835845,10000,2359
2026-03-25T20:01:36.478647+00:00,fib25_neo4j_inputs,parmetis,4,parmetis_fib25_neo4j_inputs_k4,/mnt/c/users/victo/ptuxiaki/project/spark/results/docker_fib25_kahip_metis_rcp/algorithm_outputs/parmetis_fib25_neo4j_inputs_k4/parmetis_partition_k4.txt,/mnt/c/users/victo/ptuxiaki/project/spark/results/docker_fib25_kahip_metis_rcp/algorithm_outputs/parmetis_fib25_neo4j_inputs_k4/node_index.tsv,1151506,10000,0.008684,10000,10000,10000,5163,0.5163,4,576,5535,2.214,10,0.154439,11.344113,11.221015,11.221015,5.117852,121.158887,10000,10000
2026-03-03T13:59:25.415613+00:00,fib25_neo4j_inputs,ptscotch,4,ptscotch_fib25_neo4j_inputs_k4,/mnt/c/Users/victo/ptuxiaki/project/spark/results/ptscotch_fib25_neo4j_inputs_k4/scotch_partition_k4.txt,/mnt/c/Users/victo/ptuxiaki/project/spark/results/ptscotch_fib25_neo4j_inputs_k4/node_index.tsv,1151506,10000,0.008684,10000,2359,2359,1426,0.604493,4,1098,6159,2.4636,10,0.155981,4.836129,4.351561,4.351561,1.426566,48.835845,10000,2359
2026-03-25T20:02:28.934161+00:00,fib25_neo4j_inputs,rcp,4,rcp_fib25_neo4j_inputs_k4,/mnt/c/users/victo/ptuxiaki/project/spark/results/docker_fib25_kahip_metis_rcp/algorithm_outputs/rcp_fib25_neo4j_inputs_k4/rcp_partition_k4_comparable.txt,/mnt/c/users/victo/ptuxiaki/project/spark/results/docker_fib25_kahip_metis_rcp/algorithm_outputs/rcp_fib25_neo4j_inputs_k4/node_index.tsv,1151506,10000,0.008684,10000,10000,10000,0,0.0,2,4,9996,1.9992,10,0.167571,11.56218,11.357791,11.357791,4.107437,121.158887,10000,10000
2026-03-03T14:00:10.960342+00:00,fib25_neo4j_inputs,scotch,4,scotch_fib25_neo4j_inputs_k4,/mnt/c/Users/victo/ptuxiaki/project/spark/results/scotch_fib25_neo4j_inputs_k4/scotch_partition_k4.txt,/mnt/c/Users/victo/ptuxiaki/project/spark/results/scotch_fib25_neo4j_inputs_k4/node_index.tsv,1151506,10000,0.008684,10000,2359,2359,950,0.402713,4,568,6052,2.4208,10,0.19896,6.227979,5.859926,5.859926,2.082207,48.835845,10000,2359
2026-03-03T14:00:49.790358+00:00,fib25_neo4j_inputs,hash,6,hash_fib25_neo4j_inputs_k6,/mnt/c/Users/victo/ptuxiaki/project/spark/results/hash_fib25_neo4j_inputs_k6/hash_partition_k6.txt,/mnt/c/Users/victo/ptuxiaki/project/spark/results/hash_fib25_neo4j_inputs_k6/node_index.tsv,1151506,9504,0.008254,9504,2359,2189,1810,0.826862,6,1546,1645,1.03851,10,0.218603,7.533915,7.310533,7.310533,3.138725,48.835845,10000,2359
2026-03-03T14:01:30.411444+00:00,fib25_neo4j_inputs,kahip_fast,6,kahip_fast_fib25_neo4j_inputs_k6,/mnt/c/Users/victo/ptuxiaki/project/spark/results/kahip_fast_fib25_neo4j_inputs_k6/kahip_fast_partition_k6.txt,/mnt/c/Users/victo/ptuxiaki/project/spark/results/kahip_fast_fib25_neo4j_inputs_k6/node_index.tsv,1151506,10000,0.008684,10000,2359,2359,1613,0.683764,5,420,3207,1.6035,10,0.144218,4.57036,4.141281,4.141281,1.273619,48.835845,10000,2359
2026-03-03T14:02:13.032835+00:00,fib25_neo4j_inputs,metis,6,metis_fib25_neo4j_inputs_k6,/mnt/c/Users/victo/ptuxiaki/project/spark/results/metis_fib25_neo4j_inputs_k6/metis_partition_k6.txt,/mnt/c/Users/victo/ptuxiaki/project/spark/results/metis_fib25_neo4j_inputs_k6/node_index.tsv,1151506,10000,0.008684,10000,2359,2359,1452,0.615515,6,124,4098,2.4588,10,0.151009,4.590304,4.34832,4.34832,1.268646,48.835845,10000,2359
2026-03-25T20:03:22.666642+00:00,fib25_neo4j_inputs,parmetis,6,parmetis_fib25_neo4j_inputs_k6,/mnt/c/users/victo/ptuxiaki/project/spark/results/docker_fib25_kahip_metis_rcp/algorithm_outputs/parmetis_fib25_neo4j_inputs_k6/parmetis_partition_k6.txt,/mnt/c/users/victo/ptuxiaki/project/spark/results/docker_fib25_kahip_metis_rcp/algorithm_outputs/parmetis_fib25_neo4j_inputs_k6/node_index.tsv,1151506,10000,0.008684,10000,10000,10000,7238,0.7238,6,240,3187,1.9122,10,0.171705,11.766568,10.975436,10.975436,4.292261,121.158887,10000,10000
2026-04-17T13:14:19.177417+00:00,fib25_neo4j_inputs,ptscotch,6,ptscotch_fib25_neo4j_inputs_k6,/mnt/c/users/victo/ptuxiaki/project/spark/results/docker_fib25_materialized/algorithm_outputs/ptscotch_fib25_neo4j_inputs_k6/scotch_partition_k6.txt,/mnt/c/users/victo/ptuxiaki/project/spark/results/docker_fib25_materialized/algorithm_outputs/ptscotch_fib25_neo4j_inputs_k6/node_index.tsv,1151506,50000,0.043421,50000,103536,103536,66165,0.639053,6,3761,18286,2.19432,10,1.603119,154.953596,139.049543,139.049543,57.879028,16.282455,50000,103536
2026-03-25T20:04:16.253109+00:00,fib25_neo4j_inputs,rcp,6,rcp_fib25_neo4j_inputs_k6,/mnt/c/users/victo/ptuxiaki/project/spark/results/docker_fib25_kahip_metis_rcp/algorithm_outputs/rcp_fib25_neo4j_inputs_k6/rcp_partition_k6_comparable.txt,/mnt/c/users/victo/ptuxiaki/project/spark/results/docker_fib25_kahip_metis_rcp/algorithm_outputs/rcp_fib25_neo4j_inputs_k6/node_index.tsv,1151506,10000,0.008684,10000,10000,10000,0,0.0,2,4,9996,1.9992,10,0.129177,9.109329,7.07854,7.07854,4.148779,121.158887,10000,10000
2026-04-17T13:14:27.533559+00:00,fib25_neo4j_inputs,scotch,6,scotch_fib25_neo4j_inputs_k6,/mnt/c/users/victo/ptuxiaki/project/spark/results/docker_fib25_materialized/algorithm_outputs/scotch_fib25_neo4j_inputs_k6/scotch_partition_k6.txt,/mnt/c/users/victo/ptuxiaki/project/spark/results/docker_fib25_materialized/algorithm_outputs/scotch_fib25_neo4j_inputs_k6/node_index.tsv,1151506,50000,0.043421,50000,103536,103536,64836,0.626217,6,3948,17923,2.15076,10,0.2672,21.648154,23.460223,23.460223,15.148444,16.282455,50000,103536
2026-03-03T14:02:51.460211+00:00,fib25_neo4j_inputs,hash,8,hash_fib25_neo4j_inputs_k8,/mnt/c/Users/victo/ptuxiaki/project/spark/results/hash_fib25_neo4j_inputs_k8/hash_partition_k8.txt,/mnt/c/Users/victo/ptuxiaki/project/spark/results/hash_fib25_neo4j_inputs_k8/node_index.tsv,1151506,9504,0.008254,9504,2359,2189,1918,0.876199,8,1142,1250,1.052189,10,0.179645,4.798803,4.460175,4.460175,0.864318,48.835845,10000,2359
2026-03-03T14:03:33.333023+00:00,fib25_neo4j_inputs,kahip_fast,8,kahip_fast_fib25_neo4j_inputs_k8,/mnt/c/Users/victo/ptuxiaki/project/spark/results/kahip_fast_fib25_neo4j_inputs_k8/kahip_fast_partition_k8.txt,/mnt/c/Users/victo/ptuxiaki/project/spark/results/kahip_fast_fib25_neo4j_inputs_k8/node_index.tsv,1151506,10000,0.008684,10000,2359,2359,1382,0.585841,7,224,4341,3.0387,10,0.179981,4.549669,4.005923,4.005923,1.166168,48.835845,10000,2359
2026-03-03T14:04:17.338674+00:00,fib25_neo4j_inputs,metis,8,metis_fib25_neo4j_inputs_k8,/mnt/c/Users/victo/ptuxiaki/project/spark/results/metis_fib25_neo4j_inputs_k8/metis_partition_k8.txt,/mnt/c/Users/victo/ptuxiaki/project/spark/results/metis_fib25_neo4j_inputs_k8/node_index.tsv,1151506,10000,0.008684,10000,2359,2359,1679,0.711742,8,110,3569,2.8552,10,0.189266,4.636689,4.05005,4.05005,1.287815,48.835845,10000,2359
2026-03-25T20:05:08.998480+00:00,fib25_neo4j_inputs,parmetis,8,parmetis_fib25_neo4j_inputs_k8,/mnt/c/users/victo/ptuxiaki/project/spark/results/docker_fib25_kahip_metis_rcp/algorithm_outputs/parmetis_fib25_neo4j_inputs_k8/parmetis_partition_k8.txt,/mnt/c/users/victo/ptuxiaki/project/spark/results/docker_fib25_kahip_metis_rcp/algorithm_outputs/parmetis_fib25_neo4j_inputs_k8/node_index.tsv,1151506,10000,0.008684,10000,10000,10000,6913,0.6913,8,159,2953,2.3624,10,0.229283,15.691722,13.569798,13.569798,6.468712,121.158887,10000,10000
2026-04-17T13:14:35.232725+00:00,fib25_neo4j_inputs,ptscotch,8,ptscotch_fib25_neo4j_inputs_k8,/mnt/c/users/victo/ptuxiaki/project/spark/results/docker_fib25_materialized/algorithm_outputs/ptscotch_fib25_neo4j_inputs_k8/scotch_partition_k8.txt,/mnt/c/users/victo/ptuxiaki/project/spark/results/docker_fib25_materialized/algorithm_outputs/ptscotch_fib25_neo4j_inputs_k8/node_index.tsv,1151506,50000,0.043421,50000,103536,103536,70750,0.683337,8,1606,11994,1.91904,10,0.242808,19.994847,13.765781,13.765781,16.056578,16.282455,50000,103536
2026-03-25T20:06:06.739541+00:00,fib25_neo4j_inputs,rcp,8,rcp_fib25_neo4j_inputs_k8,/mnt/c/users/victo/ptuxiaki/project/spark/results/docker_fib25_kahip_metis_rcp/algorithm_outputs/rcp_fib25_neo4j_inputs_k8/rcp_partition_k8_comparable.txt,/mnt/c/users/victo/ptuxiaki/project/spark/results/docker_fib25_kahip_metis_rcp/algorithm_outputs/rcp_fib25_neo4j_inputs_k8/node_index.tsv,1151506,10000,0.008684,10000,10000,10000,0,0.0,2,4,9996,1.9992,10,0.118432,8.143084,6.67056,6.67056,2.866477,121.158887,10000,10000
2026-04-17T13:14:45.712605+00:00,fib25_neo4j_inputs,scotch,8,scotch_fib25_neo4j_inputs_k8,/mnt/c/users/victo/ptuxiaki/project/spark/results/docker_fib25_materialized/algorithm_outputs/scotch_fib25_neo4j_inputs_k8/scotch_partition_k8.txt,/mnt/c/users/victo/ptuxiaki/project/spark/results/docker_fib25_materialized/algorithm_outputs/scotch_fib25_neo4j_inputs_k8/node_index.tsv,1151506,50000,0.043421,50000,103536,103536,71669,0.692213,8,1556,13680,2.1888,10,0.235978,19.533801,13.332393,13.332393,15.768312,16.282455,50000,103536
2026-03-03T14:42:55.630816+00:00,ldbc_inputs_1_4,hash,2,hash_ldbc_inputs_1_4_k2,/mnt/c/Users/victo/ptuxiaki/project/spark/results/hash_ldbc_inputs_1_4_k2/hash_partition_k2.txt,/mnt/c/Users/victo/ptuxiaki/project/spark/results/hash_ldbc_inputs_1_4_k2/node_index.tsv,3181724,20108,0.00632,14678,78197,78197,39084,0.499815,2,7338,7340,1.000136,9,1.325534,121.956893,35.893226,35.893226,166.45685,807.468531,14678,78197
2026-03-03T14:44:53.778866+00:00,ldbc_inputs_1_4,kahip_fast,2,kahip_fast_ldbc_inputs_1_4_k2,/mnt/c/Users/victo/ptuxiaki/project/spark/results/kahip_fast_ldbc_inputs_1_4_k2/kahip_fast_partition_k2.txt,/mnt/c/Users/victo/ptuxiaki/project/spark/results/kahip_fast_ldbc_inputs_1_4_k2/node_index.tsv,3181724,20108,0.00632,14678,78197,78197,26480,0.338632,2,5949,8729,1.189399,9,0.499813,41.463125,6.551398,6.551398,100.446968,807.468531,14678,78197
2026-03-03T14:46:51.115892+00:00,ldbc_inputs_1_4,metis,2,metis_ldbc_inputs_1_4_k2,/mnt/c/Users/victo/ptuxiaki/project/spark/results/metis_ldbc_inputs_1_4_k2/metis_partition_k2.txt,/mnt/c/Users/victo/ptuxiaki/project/spark/results/metis_ldbc_inputs_1_4_k2/node_index.tsv,3181724,20108,0.00632,14678,78197,78197,36307,0.464302,2,6998,7680,1.046464,9,0.453047,42.886262,5.849276,5.849276,106.390534,807.468531,14678,78197
2026-03-25T20:10:05.477329+00:00,ldbc_inputs_1_4,parmetis,2,parmetis_ldbc_inputs_1_4_k2,/mnt/c/users/victo/ptuxiaki/project/spark/results/docker_ldbc_clean/algorithm_outputs/parmetis_ldbc_inputs_1_4_k2/parmetis_partition_k2.txt,/mnt/c/users/victo/ptuxiaki/project/spark/results/docker_ldbc_clean/algorithm_outputs/parmetis_ldbc_inputs_1_4_k2/node_index.tsv,3191616,16121,0.005051,9837,10000,10000,3781,0.3781,2,4469,5368,1.09139,9,1.607365,161.135994,135.999312,135.999312,104.200274,149.022001,9837,10000
2026-04-17T11:36:59.068917+00:00,ldbc_inputs_1_4,ptscotch,2,ptscotch_ldbc_inputs_1_4_k2,/mnt/c/users/victo/ptuxiaki/project/spark/results/docker_ldbc_clean/algorithm_outputs/ptscotch_ldbc_inputs_1_4_k2/scotch_partition_k2.txt,/mnt/c/users/victo/ptuxiaki/project/spark/results/docker_ldbc_clean/algorithm_outputs/ptscotch_ldbc_inputs_1_4_k2/node_index.tsv,3191616,23210,0.007272,14678,78197,78197,38148,0.487845,2,5244,9434,1.285461,9,1.972439,214.91495,147.250083,147.250083,226.187936,707.102901,14678,78197
2026-03-25T20:11:47.261394+00:00,ldbc_inputs_1_4,rcp,2,rcp_ldbc_inputs_1_4_k2,/mnt/c/users/victo/ptuxiaki/project/spark/results/docker_ldbc_clean/algorithm_outputs/rcp_ldbc_inputs_1_4_k2/rcp_partition_k2.txt,/mnt/c/users/victo/ptuxiaki/project/spark/results/docker_ldbc_clean/algorithm_outputs/rcp_ldbc_inputs_1_4_k2/node_index.tsv,3191616,16121,0.005051,9837,10000,10000,5427,0.5427,2,4693,5144,1.045847,9,0.075637,4.998562,5.113014,5.113014,0.93825,149.022001,9837,10000
2026-04-17T11:38:56.135719+00:00,ldbc_inputs_1_4,scotch,2,scotch_ldbc_inputs_1_4_k2,/mnt/c/users/victo/ptuxiaki/project/spark/results/docker_ldbc_clean/algorithm_outputs/scotch_ldbc_inputs_1_4_k2/scotch_partition_k2.txt,/mnt/c/users/victo/ptuxiaki/project/spark/results/docker_ldbc_clean/algorithm_outputs/scotch_ldbc_inputs_1_4_k2/node_index.tsv,3191616,23210,0.007272,14678,78197,78197,34238,0.437843,2,6519,8159,1.111732,9,0.342533,34.429191,6.221462,6.221462,80.652456,707.102901,14678,78197
2026-03-03T14:48:50.316079+00:00,ldbc_inputs_1_4,hash,4,hash_ldbc_inputs_1_4_k4,/mnt/c/Users/victo/ptuxiaki/project/spark/results/hash_ldbc_inputs_1_4_k4/hash_partition_k4.txt,/mnt/c/Users/victo/ptuxiaki/project/spark/results/hash_ldbc_inputs_1_4_k4/node_index.tsv,3181724,20108,0.00632,14678,78197,78197,58820,0.752203,4,3657,3683,1.003679,9,0.477891,39.380745,5.747748,5.747748,95.614327,807.468531,14678,78197
2026-03-03T14:50:46.576095+00:00,ldbc_inputs_1_4,kahip_fast,4,kahip_fast_ldbc_inputs_1_4_k4,/mnt/c/Users/victo/ptuxiaki/project/spark/results/kahip_fast_ldbc_inputs_1_4_k4/kahip_fast_partition_k4.txt,/mnt/c/Users/victo/ptuxiaki/project/spark/results/kahip_fast_ldbc_inputs_1_4_k4/node_index.tsv,3181724,20108,0.00632,14678,78197,78197,48306,0.617747,4,2474,5657,1.541627,9,0.438148,36.758102,5.572619,5.572619,90.369925,807.468531,14678,78197
2026-03-03T14:52:40.546380+00:00,ldbc_inputs_1_4,metis,4,metis_ldbc_inputs_1_4_k4,/mnt/c/Users/victo/ptuxiaki/project/spark/results/metis_ldbc_inputs_1_4_k4/metis_partition_k4.txt,/mnt/c/Users/victo/ptuxiaki/project/spark/results/metis_ldbc_inputs_1_4_k4/node_index.tsv,3181724,20108,0.00632,14678,78197,78197,52659,0.673415,4,2664,5369,1.463142,9,0.453948,37.705017,5.649632,5.649632,92.251827,807.468531,14678,78197
2026-03-25T20:13:13.704360+00:00,ldbc_inputs_1_4,parmetis,4,parmetis_ldbc_inputs_1_4_k4,/mnt/c/users/victo/ptuxiaki/project/spark/results/docker_ldbc_clean/algorithm_outputs/parmetis_ldbc_inputs_1_4_k4/parmetis_partition_k4.txt,/mnt/c/users/victo/ptuxiaki/project/spark/results/docker_ldbc_clean/algorithm_outputs/parmetis_ldbc_inputs_1_4_k4/node_index.tsv,3191616,16121,0.005051,9837,10000,10000,5685,0.5685,4,1687,3526,1.43377,9,0.106515,6.92303,5.093328,5.093328,2.93107,149.022001,9837,10000
2026-04-17T11:40:56.360754+00:00,ldbc_inputs_1_4,ptscotch,4,ptscotch_ldbc_inputs_1_4_k4,/mnt/c/users/victo/ptuxiaki/project/spark/results/docker_ldbc_clean/algorithm_outputs/ptscotch_ldbc_inputs_1_4_k4/scotch_partition_k4.txt,/mnt/c/users/victo/ptuxiaki/project/spark/results/docker_ldbc_clean/algorithm_outputs/ptscotch_ldbc_inputs_1_4_k4/node_index.tsv,3191616,23210,0.007272,14678,78197,78197,50016,0.639615,4,2011,6520,1.776809,9,0.392616,40.029935,5.782841,5.782841,97.27169,707.102901,14678,78197
2026-03-25T20:14:36.829686+00:00,ldbc_inputs_1_4,rcp,4,rcp_ldbc_inputs_1_4_k4,/mnt/c/users/victo/ptuxiaki/project/spark/results/docker_ldbc_clean/algorithm_outputs/rcp_ldbc_inputs_1_4_k4/rcp_partition_k4.txt,/mnt/c/users/victo/ptuxiaki/project/spark/results/docker_ldbc_clean/algorithm_outputs/rcp_ldbc_inputs_1_4_k4/node_index.tsv,3191616,16121,0.005051,9837,10000,10000,5618,0.5618,4,7,5021,2.041679,9,0.195454,5.302926,5.308641,5.308641,0.969771,149.022001,9837,10000
2026-04-17T11:42:53.854640+00:00,ldbc_inputs_1_4,scotch,4,scotch_ldbc_inputs_1_4_k4,/mnt/c/users/victo/ptuxiaki/project/spark/results/docker_ldbc_clean/algorithm_outputs/scotch_ldbc_inputs_1_4_k4/scotch_partition_k4.txt,/mnt/c/users/victo/ptuxiaki/project/spark/results/docker_ldbc_clean/algorithm_outputs/scotch_ldbc_inputs_1_4_k4/node_index.tsv,3191616,23210,0.007272,14678,78197,78197,49199,0.629167,4,1518,6886,1.87655,9,0.33761,33.983392,6.019555,6.019555,80.356649,707.102901,14678,78197
2026-03-03T14:54:33.498167+00:00,ldbc_inputs_1_4,hash,6,hash_ldbc_inputs_1_4_k6,/mnt/c/Users/victo/ptuxiaki/project/spark/results/hash_ldbc_inputs_1_4_k6/hash_partition_k6.txt,/mnt/c/Users/victo/ptuxiaki/project/spark/results/hash_ldbc_inputs_1_4_k6/node_index.tsv,3181724,20108,0.00632,14678,78197,78197,65096,0.832462,6,2436,2458,1.004769,9,0.48416,42.878712,5.874638,5.874638,105.618621,807.468531,14678,78197
2026-03-03T14:56:34.296755+00:00,ldbc_inputs_1_4,kahip_fast,6,kahip_fast_ldbc_inputs_1_4_k6,/mnt/c/Users/victo/ptuxiaki/project/spark/results/kahip_fast_ldbc_inputs_1_4_k6/kahip_fast_partition_k6.txt,/mnt/c/Users/victo/ptuxiaki/project/spark/results/kahip_fast_ldbc_inputs_1_4_k6/node_index.tsv,3181724,20108,0.00632,14678,78197,78197,56650,0.724452,6,772,4203,1.718081,9,0.484366,38.655327,5.862674,5.862674,94.675134,807.468531,14678,78197
2026-03-03T14:58:28.457551+00:00,ldbc_inputs_1_4,metis,6,metis_ldbc_inputs_1_4_k6,/mnt/c/Users/victo/ptuxiaki/project/spark/results/metis_ldbc_inputs_1_4_k6/metis_partition_k6.txt,/mnt/c/Users/victo/ptuxiaki/project/spark/results/metis_ldbc_inputs_1_4_k6/node_index.tsv,3181724,20108,0.00632,14678,78197,78197,61406,0.785273,6,1396,4318,1.765091,9,0.45021,37.603999,5.514523,5.514523,92.411263,807.468531,14678,78197
2026-03-25T20:16:01.507688+00:00,ldbc_inputs_1_4,parmetis,6,parmetis_ldbc_inputs_1_4_k6,/mnt/c/users/victo/ptuxiaki/project/spark/results/docker_ldbc_clean/algorithm_outputs/parmetis_ldbc_inputs_1_4_k6/parmetis_partition_k6.txt,/mnt/c/users/victo/ptuxiaki/project/spark/results/docker_ldbc_clean/algorithm_outputs/parmetis_ldbc_inputs_1_4_k6/node_index.tsv,3191616,16121,0.005051,9837,10000,10000,7406,0.7406,6,878,3368,2.054285,9,0.069721,4.501671,4.368172,4.368172,1.156295,149.022001,9837,10000
2026-04-17T11:44:56.785317+00:00,ldbc_inputs_1_4,ptscotch,6,ptscotch_ldbc_inputs_1_4_k6,/mnt/c/users/victo/ptuxiaki/project/spark/results/docker_ldbc_clean/algorithm_outputs/ptscotch_ldbc_inputs_1_4_k6/scotch_partition_k6.txt,/mnt/c/users/victo/ptuxiaki/project/spark/results/docker_ldbc_clean/algorithm_outputs/ptscotch_ldbc_inputs_1_4_k6/node_index.tsv,3191616,23210,0.007272,14678,78197,78197,58603,0.749428,6,1098,5666,2.316119,9,0.362459,36.777882,7.584342,7.584342,82.681579,707.102901,14678,78197
2026-03-25T20:17:24.792361+00:00,ldbc_inputs_1_4,rcp,6,rcp_ldbc_inputs_1_4_k6,/mnt/c/users/victo/ptuxiaki/project/spark/results/docker_ldbc_clean/algorithm_outputs/rcp_ldbc_inputs_1_4_k6/rcp_partition_k6_comparable.txt,/mnt/c/users/victo/ptuxiaki/project/spark/results/docker_ldbc_clean/algorithm_outputs/rcp_ldbc_inputs_1_4_k6/node_index.tsv,3191616,16121,0.005051,9837,10000,10000,7069,0.7069,5,55,4792,2.435702,9,0.089283,5.907238,6.183101,6.183101,1.493579,149.022001,9837,10000
2026-04-17T11:47:00.545321+00:00,ldbc_inputs_1_4,scotch,6,scotch_ldbc_inputs_1_4_k6,/mnt/c/users/victo/ptuxiaki/project/spark/results/docker_ldbc_clean/scotch_ldbc_inputs_1_4_k6/scotch_partition_k6.txt,/mnt/c/users/victo/ptuxiaki/project/spark/results/docker_ldbc_clean/scotch_ldbc_inputs_1_4_k6/node_index.tsv,3191616,23210,0.007272,14678,78197,78197,57844,0.739721,6,1341,3856,1.576237,9,0.386392,38.651115,6.784148,6.784148,90.36875,707.102901,14678,78197
2026-03-03T15:00:23.512064+00:00,ldbc_inputs_1_4,hash,8,hash_ldbc_inputs_1_4_k8,/mnt/c/Users/victo/ptuxiaki/project/spark/results/hash_ldbc_inputs_1_4_k8/hash_partition_k8.txt,/mnt/c/Users/victo/ptuxiaki/project/spark/results/hash_ldbc_inputs_1_4_k8/node_index.tsv,3181724,20108,0.00632,14678,78197,78197,68551,0.876645,8,1827,1844,1.005042,9,0.416076,36.703455,5.164601,5.164601,90.292647,807.468531,14678,78197
2026-03-03T15:02:20.402735+00:00,ldbc_inputs_1_4,kahip_fast,8,kahip_fast_ldbc_inputs_1_4_k8,/mnt/c/Users/victo/ptuxiaki/project/spark/results/kahip_fast_ldbc_inputs_1_4_k8/kahip_fast_partition_k8.txt,/mnt/c/Users/victo/ptuxiaki/project/spark/results/kahip_fast_ldbc_inputs_1_4_k8/node_index.tsv,3181724,20108,0.00632,14678,78197,78197,58558,0.748852,8,360,4111,2.240632,9,0.508688,39.205046,8.528303,8.528303,89.215831,807.468531,14678,78197
2026-03-03T15:04:13.173286+00:00,ldbc_inputs_1_4,metis,8,metis_ldbc_inputs_1_4_k8,/mnt/c/Users/victo/ptuxiaki/project/spark/results/metis_ldbc_inputs_1_4_k8/metis_partition_k8.txt,/mnt/c/Users/victo/ptuxiaki/project/spark/results/metis_ldbc_inputs_1_4_k8/node_index.tsv,3181724,20108,0.00632,14678,78197,78197,61954,0.792281,8,1048,3203,1.745742,9,0.469936,39.284115,5.551865,5.551865,96.213586,807.468531,14678,78197
2026-03-25T20:18:49.488562+00:00,ldbc_inputs_1_4,parmetis,8,parmetis_ldbc_inputs_1_4_k8,/mnt/c/users/victo/ptuxiaki/project/spark/results/docker_ldbc_clean/algorithm_outputs/parmetis_ldbc_inputs_1_4_k8/parmetis_partition_k8.txt,/mnt/c/users/victo/ptuxiaki/project/spark/results/docker_ldbc_clean/algorithm_outputs/parmetis_ldbc_inputs_1_4_k8/node_index.tsv,3191616,16121,0.005051,9837,10000,10000,7837,0.7837,8,711,1906,1.550066,9,0.095321,6.21757,5.95219,5.95219,1.965971,149.022001,9837,10000
2026-04-17T11:49:08.269838+00:00,ldbc_inputs_1_4,ptscotch,8,ptscotch_ldbc_inputs_1_4_k8,/mnt/c/users/victo/ptuxiaki/project/spark/results/docker_ldbc_clean/algorithm_outputs/ptscotch_ldbc_inputs_1_4_k8/scotch_partition_k8.txt,/mnt/c/users/victo/ptuxiaki/project/spark/results/docker_ldbc_clean/algorithm_outputs/ptscotch_ldbc_inputs_1_4_k8/node_index.tsv,3191616,23210,0.007272,14678,78197,78197,58820,0.752203,8,825,4082,2.224826,9,0.327773,33.186479,5.500944,5.500944,79.548194,707.102901,14678,78197
2026-03-25T20:20:15.300362+00:00,ldbc_inputs_1_4,rcp,8,rcp_ldbc_inputs_1_4_k8,/mnt/c/users/victo/ptuxiaki/project/spark/results/docker_ldbc_clean/algorithm_outputs/rcp_ldbc_inputs_1_4_k8/rcp_partition_k8.txt,/mnt/c/users/victo/ptuxiaki/project/spark/results/docker_ldbc_clean/algorithm_outputs/rcp_ldbc_inputs_1_4_k8/node_index.tsv,3191616,16121,0.005051,9837,10000,10000,7657,0.7657,8,6,4803,3.906069,9,0.120278,7.144814,7.269018,7.269018,1.620437,149.022001,9837,10000
2026-04-17T11:51:09.834516+00:00,ldbc_inputs_1_4,scotch,8,scotch_ldbc_inputs_1_4_k8,/mnt/c/users/victo/ptuxiaki/project/spark/results/docker_ldbc_clean/scotch_ldbc_inputs_1_4_k8/scotch_partition_k8.txt,/mnt/c/users/victo/ptuxiaki/project/spark/results/docker_ldbc_clean/scotch_ldbc_inputs_1_4_k8/node_index.tsv,3191616,23210,0.007272,14678,78197,78197,58002,0.741742,8,603,4095,2.231912,9,0.335187,33.586694,5.737761,5.737761,79.920494,707.102901,14678,78197
2026-03-03T14:12:53.605756+00:00,mb6_neo4j_inputs,hash,2,hash_mb6_neo4j_inputs_k2,/mnt/c/Users/victo/ptuxiaki/project/spark/results/hash_mb6_neo4j_inputs_k2/hash_partition_k2.txt,/mnt/c/Users/victo/ptuxiaki/project/spark/results/hash_mb6_neo4j_inputs_k2/node_index.tsv,646785,288,0.000445,288,5000,1261,642,0.50912,2,128,160,1.111111,10,0.381328,25.776173,16.301593,16.301593,24.127748,35.140806,7764,5000
2026-03-03T14:13:19.524837+00:00,mb6_neo4j_inputs,kahip_fast,2,kahip_fast_mb6_neo4j_inputs_k2,/mnt/c/Users/victo/ptuxiaki/project/spark/results/kahip_fast_mb6_neo4j_inputs_k2/kahip_fast_partition_k2.txt,/mnt/c/Users/victo/ptuxiaki/project/spark/results/kahip_fast_mb6_neo4j_inputs_k2/node_index.tsv,646785,7764,0.012004,7764,5000,5000,250,0.05,2,1290,6474,1.667697,10,0.163462,5.17064,4.353882,4.353882,1.742846,35.140806,7764,5000
2026-03-03T14:13:43.956522+00:00,mb6_neo4j_inputs,metis,2,metis_mb6_neo4j_inputs_k2,/mnt/c/Users/victo/ptuxiaki/project/spark/results/metis_mb6_neo4j_inputs_k2/metis_partition_k2.txt,/mnt/c/Users/victo/ptuxiaki/project/spark/results/metis_mb6_neo4j_inputs_k2/node_index.tsv,646785,7764,0.012004,7764,5000,5000,1549,0.3098,2,3016,4748,1.223081,10,0.191728,5.186949,4.543588,4.543588,1.77171,35.140806,7764,5000
2026-03-25T20:22:28.341338+00:00,mb6_neo4j_inputs,parmetis,2,parmetis_mb6_neo4j_inputs_k2,/mnt/c/users/victo/ptuxiaki/project/spark/results/docker_mb6_rcp/algorithm_outputs/parmetis_mb6_neo4j_inputs_k2/parmetis_partition_k2.txt,/mnt/c/users/victo/ptuxiaki/project/spark/results/docker_mb6_rcp/algorithm_outputs/parmetis_mb6_neo4j_inputs_k2/node_index.tsv,646785,7764,0.012004,7764,10000,10000,979,0.0979,2,2421,5343,1.376352,10,0.39345,23.823121,11.84111,11.84111,26.941962,94.70992,7764,10000
2026-03-03T14:14:09.808033+00:00,mb6_neo4j_inputs,ptscotch,2,ptscotch_mb6_neo4j_inputs_k2,/mnt/c/Users/victo/ptuxiaki/project/spark/results/ptscotch_mb6_neo4j_inputs_k2/scotch_partition_k2.txt,/mnt/c/Users/victo/ptuxiaki/project/spark/results/ptscotch_mb6_neo4j_inputs_k2/node_index.tsv,646785,7764,0.012004,7764,5000,5000,1527,0.3054,2,2587,5177,1.333591,10,0.216599,5.191163,4.647059,4.647059,1.628071,35.140806,7764,5000
2026-03-25T20:23:02.949553+00:00,mb6_neo4j_inputs,rcp,2,rcp_mb6_neo4j_inputs_k2,/mnt/c/users/victo/ptuxiaki/project/spark/results/docker_mb6_rcp/algorithm_outputs/rcp_mb6_neo4j_inputs_k2/rcp_partition_k2_comparable.txt,/mnt/c/users/victo/ptuxiaki/project/spark/results/docker_mb6_rcp/algorithm_outputs/rcp_mb6_neo4j_inputs_k2/node_index.tsv,646785,7764,0.012004,7764,10000,10000,17,0.0017,2,114,7650,1.970634,10,0.128047,8.569805,8.36005,8.36005,3.113339,94.70992,7764,10000
2026-03-03T14:14:35.731688+00:00,mb6_neo4j_inputs,scotch,2,scotch_mb6_neo4j_inputs_k2,/mnt/c/Users/victo/ptuxiaki/project/spark/results/scotch_mb6_neo4j_inputs_k2/scotch_partition_k2.txt,/mnt/c/Users/victo/ptuxiaki/project/spark/results/scotch_mb6_neo4j_inputs_k2/node_index.tsv,646785,7764,0.012004,7764,5000,5000,1713,0.3426,2,3655,4109,1.058475,10,0.187214,5.125607,4.812486,4.812486,1.64827,35.140806,7764,5000
2026-03-03T14:14:39.142507+00:00,mb6_neo4j_inputs,hash,4,hash_mb6_neo4j_inputs_k4,/mnt/c/Users/victo/ptuxiaki/project/spark/results/hash_mb6_neo4j_inputs_k4/hash_partition_k4.txt,/mnt/c/Users/victo/ptuxiaki/project/spark/results/hash_mb6_neo4j_inputs_k4/node_index.tsv,646785,288,0.000445,288,5000,1261,961,0.762094,4,58,83,1.152778,10,0.17332,5.051366,4.516118,4.516118,1.982838,35.140806,7764,5000
2026-03-03T14:15:05.009099+00:00,mb6_neo4j_inputs,kahip_fast,4,kahip_fast_mb6_neo4j_inputs_k4,/mnt/c/Users/victo/ptuxiaki/project/spark/results/kahip_fast_mb6_neo4j_inputs_k4/kahip_fast_partition_k4.txt,/mnt/c/Users/victo/ptuxiaki/project/spark/results/kahip_fast_mb6_neo4j_inputs_k4/node_index.tsv,646785,7764,0.012004,7764,5000,5000,1705,0.341,4,7,3839,1.977846,10,0.163544,5.216942,4.818788,4.818788,1.594719,35.140806,7764,5000
2026-03-03T14:15:32.814842+00:00,mb6_neo4j_inputs,metis,4,metis_mb6_neo4j_inputs_k4,/mnt/c/Users/victo/ptuxiaki/project/spark/results/metis_mb6_neo4j_inputs_k4/metis_partition_k4.txt,/mnt/c/Users/victo/ptuxiaki/project/spark/results/metis_mb6_neo4j_inputs_k4/node_index.tsv,646785,7764,0.012004,7764,5000,5000,2894,0.5788,4,134,2935,1.512107,10,0.194801,5.341869,4.754835,4.754835,1.69302,35.140806,7764,5000
2026-03-25T20:23:37.268457+00:00,mb6_neo4j_inputs,parmetis,4,parmetis_mb6_neo4j_inputs_k4,/mnt/c/users/victo/ptuxiaki/project/spark/results/docker_mb6_rcp/algorithm_outputs/parmetis_mb6_neo4j_inputs_k4/parmetis_partition_k4.txt,/mnt/c/users/victo/ptuxiaki/project/spark/results/docker_mb6_rcp/algorithm_outputs/parmetis_mb6_neo4j_inputs_k4/node_index.tsv,646785,7764,0.012004,7764,10000,10000,4933,0.4933,4,78,2703,1.392581,10,0.159307,11.948929,10.685865,10.685865,4.411976,94.70992,7764,10000
2026-03-03T14:15:57.238564+00:00,mb6_neo4j_inputs,ptscotch,4,ptscotch_mb6_neo4j_inputs_k4,/mnt/c/Users/victo/ptuxiaki/project/spark/results/ptscotch_mb6_neo4j_inputs_k4/scotch_partition_k4.txt,/mnt/c/Users/victo/ptuxiaki/project/spark/results/ptscotch_mb6_neo4j_inputs_k4/node_index.tsv,646785,7764,0.012004,7764,5000,5000,2907,0.5814,4,680,3110,1.602267,10,0.191278,5.125459,4.546092,4.546092,1.607601,35.140806,7764,5000
2026-03-25T20:24:11.239271+00:00,mb6_neo4j_inputs,rcp,4,rcp_mb6_neo4j_inputs_k4,/mnt/c/users/victo/ptuxiaki/project/spark/results/docker_mb6_rcp/algorithm_outputs/rcp_mb6_neo4j_inputs_k4/rcp_partition_k4_comparable.txt,/mnt/c/users/victo/ptuxiaki/project/spark/results/docker_mb6_rcp/algorithm_outputs/rcp_mb6_neo4j_inputs_k4/node_index.tsv,646785,7764,0.012004,7764,10000,10000,5,0.0005,4,4,7617,3.924266,10,0.143737,9.539352,9.553661,9.553661,2.767086,94.70992,7764,10000
2026-03-03T14:16:23.003831+00:00,mb6_neo4j_inputs,scotch,4,scotch_mb6_neo4j_inputs_k4,/mnt/c/Users/victo/ptuxiaki/project/spark/results/scotch_mb6_neo4j_inputs_k4/scotch_partition_k4.txt,/mnt/c/Users/victo/ptuxiaki/project/spark/results/scotch_mb6_neo4j_inputs_k4/node_index.tsv,646785,7764,0.012004,7764,5000,5000,3141,0.6282,4,1127,2685,1.383308,10,0.176871,5.500618,4.90484,4.90484,2.189326,35.140806,7764,5000
2026-03-03T14:16:26.419167+00:00,mb6_neo4j_inputs,hash,6,hash_mb6_neo4j_inputs_k6,/mnt/c/Users/victo/ptuxiaki/project/spark/results/hash_mb6_neo4j_inputs_k6/hash_partition_k6.txt,/mnt/c/Users/victo/ptuxiaki/project/spark/results/hash_mb6_neo4j_inputs_k6/node_index.tsv,646785,288,0.000445,288,5000,1261,1033,0.819191,6,40,60,1.25,10,0.185016,5.452171,4.382913,4.382913,2.634751,35.140806,7764,5000
2026-03-03T14:16:52.297169+00:00,mb6_neo4j_inputs,kahip_fast,6,kahip_fast_mb6_neo4j_inputs_k6,/mnt/c/Users/victo/ptuxiaki/project/spark/results/kahip_fast_mb6_neo4j_inputs_k6/kahip_fast_partition_k6.txt,/mnt/c/Users/victo/ptuxiaki/project/spark/results/kahip_fast_mb6_neo4j_inputs_k6/node_index.tsv,646785,7764,0.012004,7764,5000,5000,2364,0.4728,6,38,3816,2.948995,10,0.179868,5.247201,4.853675,4.853675,1.672926,35.140806,7764,5000
2026-03-03T14:17:18.239596+00:00,mb6_neo4j_inputs,metis,6,metis_mb6_neo4j_inputs_k6,/mnt/c/Users/victo/ptuxiaki/project/spark/results/metis_mb6_neo4j_inputs_k6/metis_partition_k6.txt,/mnt/c/Users/victo/ptuxiaki/project/spark/results/metis_mb6_neo4j_inputs_k6/node_index.tsv,646785,7764,0.012004,7764,5000,5000,3655,0.731,6,38,1905,1.472179,10,0.17132,5.216935,4.753066,4.753066,1.619973,35.140806,7764,5000
2026-03-25T20:24:45.444931+00:00,mb6_neo4j_inputs,parmetis,6,parmetis_mb6_neo4j_inputs_k6,/mnt/c/users/victo/ptuxiaki/project/spark/results/docker_mb6_rcp/algorithm_outputs/parmetis_mb6_neo4j_inputs_k6/parmetis_partition_k6.txt,/mnt/c/users/victo/ptuxiaki/project/spark/results/docker_mb6_rcp/algorithm_outputs/parmetis_mb6_neo4j_inputs_k6/node_index.tsv,646785,7764,0.012004,7764,10000,10000,6573,0.6573,6,105,2313,1.787481,10,0.125309,8.648705,8.543804,8.543804,2.806375,94.70992,7764,10000
2026-04-17T12:00:58.702154+00:00,mb6_neo4j_inputs,ptscotch,6,ptscotch_mb6_neo4j_inputs_k6,/mnt/c/users/victo/ptuxiaki/project/spark/results/docker_mb6_materialized/algorithm_outputs/ptscotch_mb6_neo4j_inputs_k6/scotch_partition_k6.txt,/mnt/c/users/victo/ptuxiaki/project/spark/results/docker_mb6_materialized/algorithm_outputs/ptscotch_mb6_neo4j_inputs_k6/node_index.tsv,646785,7764,0.012004,7764,80258,80258,58115,0.724102,6,119,2167,1.674652,10,1.489046,144.881022,123.68126,123.68126,54.817091,362.165386,7764,80258
2026-03-25T20:25:19.316855+00:00,mb6_neo4j_inputs,rcp,6,rcp_mb6_neo4j_inputs_k6,/mnt/c/users/victo/ptuxiaki/project/spark/results/docker_mb6_rcp/algorithm_outputs/rcp_mb6_neo4j_inputs_k6/rcp_partition_k6_comparable.txt,/mnt/c/users/victo/ptuxiaki/project/spark/results/docker_mb6_rcp/algorithm_outputs/rcp_mb6_neo4j_inputs_k6/node_index.tsv,646785,7764,0.012004,7764,10000,10000,24,0.0024,6,4,7558,5.840804,10,0.216924,14.825014,14.375648,14.375648,6.155453,94.70992,7764,10000
2026-04-17T12:01:24.881014+00:00,mb6_neo4j_inputs,scotch,6,scotch_mb6_neo4j_inputs_k6,/mnt/c/users/victo/ptuxiaki/project/spark/results/docker_mb6_materialized/algorithm_outputs/scotch_mb6_neo4j_inputs_k6/scotch_partition_k6.txt,/mnt/c/users/victo/ptuxiaki/project/spark/results/docker_mb6_materialized/algorithm_outputs/scotch_mb6_neo4j_inputs_k6/node_index.tsv,646785,7764,0.012004,7764,80258,80258,58091,0.723803,6,187,1902,1.469861,10,0.374858,32.830641,18.616878,18.616878,32.977147,362.165386,7764,80258
2026-03-03T14:17:21.571598+00:00,mb6_neo4j_inputs,hash,8,hash_mb6_neo4j_inputs_k8,/mnt/c/Users/victo/ptuxiaki/project/spark/results/hash_mb6_neo4j_inputs_k8/hash_partition_k8.txt,/mnt/c/Users/victo/ptuxiaki/project/spark/results/hash_mb6_neo4j_inputs_k8/node_index.tsv,646785,288,0.000445,288,5000,1261,1107,0.877875,8,28,46,1.277778,10,0.158338,4.948522,4.368095,4.368095,1.681505,35.140806,7764,5000
2026-03-03T14:17:47.485847+00:00,mb6_neo4j_inputs,kahip_fast,8,kahip_fast_mb6_neo4j_inputs_k8,/mnt/c/Users/victo/ptuxiaki/project/spark/results/kahip_fast_mb6_neo4j_inputs_k8/kahip_fast_partition_k8.txt,/mnt/c/Users/victo/ptuxiaki/project/spark/results/kahip_fast_mb6_neo4j_inputs_k8/node_index.tsv,646785,7764,0.012004,7764,5000,5000,2105,0.421,7,244,3201,2.886012,10,0.173876,5.645312,4.746935,4.746935,2.305279,35.140806,7764,5000
2026-03-03T14:18:12.002427+00:00,mb6_neo4j_inputs,metis,8,metis_mb6_neo4j_inputs_k8,/mnt/c/Users/victo/ptuxiaki/project/spark/results/metis_mb6_neo4j_inputs_k8/metis_partition_k8.txt,/mnt/c/Users/victo/ptuxiaki/project/spark/results/metis_mb6_neo4j_inputs_k8/node_index.tsv,646785,7764,0.012004,7764,5000,5000,3809,0.7618,8,33,1773,1.826893,10,0.178349,5.079734,4.800475,4.800475,1.59709,35.140806,7764,5000
2026-03-25T20:25:53.199983+00:00,mb6_neo4j_inputs,parmetis,8,parmetis_mb6_neo4j_inputs_k8,/mnt/c/users/victo/ptuxiaki/project/spark/results/docker_mb6_rcp/algorithm_outputs/parmetis_mb6_neo4j_inputs_k8/parmetis_partition_k8.txt,/mnt/c/users/victo/ptuxiaki/project/spark/results/docker_mb6_rcp/algorithm_outputs/parmetis_mb6_neo4j_inputs_k8/node_index.tsv,646785,7764,0.012004,7764,10000,10000,7390,0.739,8,29,1532,1.578568,10,0.142105,9.690284,9.579004,9.579004,4.138204,94.70992,7764,10000
2026-04-17T12:01:47.093579+00:00,mb6_neo4j_inputs,ptscotch,8,ptscotch_mb6_neo4j_inputs_k8,/mnt/c/users/victo/ptuxiaki/project/spark/results/docker_mb6_materialized/algorithm_outputs/ptscotch_mb6_neo4j_inputs_k8/scotch_partition_k8.txt,/mnt/c/users/victo/ptuxiaki/project/spark/results/docker_mb6_materialized/algorithm_outputs/ptscotch_mb6_neo4j_inputs_k8/node_index.tsv,646785,7764,0.012004,7764,80258,80258,61723,0.769057,7,398,1979,1.784261,10,0.26529,22.837209,15.56472,15.56472,20.832996,362.165386,7764,80258
2026-03-25T20:26:27.113272+00:00,mb6_neo4j_inputs,rcp,8,rcp_mb6_neo4j_inputs_k8,/mnt/c/users/victo/ptuxiaki/project/spark/results/docker_mb6_rcp/algorithm_outputs/rcp_mb6_neo4j_inputs_k8/rcp_partition_k8_comparable.txt,/mnt/c/users/victo/ptuxiaki/project/spark/results/docker_mb6_rcp/algorithm_outputs/rcp_mb6_neo4j_inputs_k8/node_index.tsv,646785,7764,0.012004,7764,10000,10000,28,0.0028,8,4,7536,7.76507,10,0.152123,10.153444,8.050567,8.050567,5.641737,94.70992,7764,10000
2026-04-17T12:02:11.940667+00:00,mb6_neo4j_inputs,scotch,8,scotch_mb6_neo4j_inputs_k8,/mnt/c/users/victo/ptuxiaki/project/spark/results/docker_mb6_materialized/algorithm_outputs/scotch_mb6_neo4j_inputs_k8/scotch_partition_k8.txt,/mnt/c/users/victo/ptuxiaki/project/spark/results/docker_mb6_materialized/algorithm_outputs/scotch_mb6_neo4j_inputs_k8/node_index.tsv,646785,7764,0.012004,7764,80258,80258,64350,0.801789,7,881,1454,1.310922,10,0.269302,23.152336,14.664669,14.664669,22.979028,362.165386,7764,80258
